{
	"version": 100,
	"tooltipStyle": {
		"sprite": "overgrown_flowery:jade_themes/dark",
		"boxProgressOffset": [
			0,
			-1,
			0,
			1
		],
		"boxProgressColors": {
			"normal": "#E4B1D3",
			"failure": "#FF4444"
		}
	},
	"nestedBoxStyle": {
		"borderColor": [
			"#654643",
			"#654643",
			"#654643",
			"#654643"
		],
		"borderWidth": 1
	},
	"viewGroupStyle": {
		"backgroundColor": "#91654643",
		"borderColor": [
			"#91654643",
			"#91654643",
			"#91654643",
			"#91654643"
		],
		"boxProgressColors": {
			"normal": "#E4B1D3",
			"info": "#E4B1D3"
		},
		"borderWidth": 1
	},
	"text": {
		"colors": {
			"title": "#FFFDFC",
			"normal": "#F4EBE0",
			"info": "#E4B1D3",
			"success": "#198754",
			"warning": "#FFC107",
			"danger": "#DC3545",
			"failure": "#AB296A"
		},
		"itemAmountColor": "#F3DCEB",
		"modNameStyle": {
			"color": "#E4B1D3"
		}
	},
	"changeOpacity": 1,
	"changeRoundCorner": false,
	"autoEnable": true,
	"iconSlotSprite": "overgrown_flowery:jade_themes/dark",
	"iconSlotInflation": -2
}
