{
	"version": 100,
	"tooltipStyle": {
		"sprite": "overgrown_flowery:jade_themes/light",
		"boxProgressOffset": [
			0,
			-2,
			0,
			2
		],
		"boxProgressColors": {
			"normal": "#E4B1D3",
			"failure": "#FF4444"
		}
	},
	"nestedBoxStyle": {
		"borderColor": [
			"#654643",
			"#654643",
			"#654643",
			"#654643"
		],
		"borderWidth": 1
	},
	"viewGroupStyle": {
		"backgroundColor": "#91654643",
		"borderColor": [
			"#91654643",
			"#91654643",
			"#91654643",
			"#91654643"
		],
		"boxProgressColors": {
			"normal": "#E4B1D3",
			"info": "#E4B1D3"
		},
		"borderWidth": 1
	},
	"text": {
		"colors": {
			"title": "#654643",
			"normal": "#816160",
			"info": "#B57AA1",
			"success": "#7B9B2F"
		}
	},
	"changeOpacity": 1,
	"changeRoundCorner": false,
	"lightColorScheme": true,
	"iconSlotSprite": "overgrown_flowery:jade_themes/dark",
	"iconSlotInflation": -2
}
