{
	"credit": "Made with Blockbench",
	"parent": "minecraft:block/template_two_candles",
	"textures": {
		"particle": "block/candle",
		"all": "block/candle"
	},
	"elements": [
		{
			"from": [9.5, 6, 7],
			"to": [10.5, 7, 7],
			"rotation": {"angle": -45, "axis": "y", "origin": [10, 6, 7]},
			"faces": {
				"north": {"uv": [0, 0.5, 0.5, 1], "texture": "#all"},
				"south": {"uv": [0, 0.5, 0.5, 1], "texture": "#all"}
			}
		},
		{
			"from": [5, 0, 7],
			"to": [7, 5, 9],
			"faces": {
				"north": {"uv": [10, 7, 11, 9.5], "texture": "#all"},
				"east": {"uv": [10, 7, 11, 9.5], "texture": "#all"},
				"south": {"uv": [10, 7, 11, 9.5], "texture": "#all"},
				"west": {"uv": [10, 7, 11, 9.5], "texture": "#all"},
				"up": {"uv": [10, 6, 11, 7], "texture": "#all"},
				"down": {"uv": [10, 10, 11, 11], "texture": "#all", "cullface": "down"}
			}
		},
		{
			"from": [5.5, 5, 8],
			"to": [6.5, 6, 8],
			"rotation": {"angle": 45, "axis": "y", "origin": [6, 5, 8]},
			"faces": {
				"north": {"uv": [0, 0.5, 0.5, 1], "texture": "#all"},
				"south": {"uv": [0.5, 0.5, 0, 1], "texture": "#all"}
			}
		},
		{
			"from": [5.5, 5, 8],
			"to": [6.5, 6, 8],
			"rotation": {"angle": -45, "axis": "y", "origin": [6, 5, 8]},
			"faces": {
				"north": {"uv": [0, 0.5, 0.5, 1], "texture": "#all"},
				"south": {"uv": [0.5, 0.5, 0, 1], "texture": "#all"}
			}
		},
		{
			"from": [9, 0, 6],
			"to": [11, 6, 8],
			"faces": {
				"north": {"uv": [10, 7, 11, 10], "texture": "#all"},
				"east": {"uv": [10, 7, 11, 10], "texture": "#all"},
				"south": {"uv": [10, 7, 11, 10], "texture": "#all"},
				"west": {"uv": [10, 7, 11, 10], "texture": "#all"},
				"up": {"uv": [10, 6, 11, 7], "texture": "#all"},
				"down": {"uv": [10, 10, 11, 11], "texture": "#all", "cullface": "down"}
			}
		},
		{
			"from": [9.5, 6, 7],
			"to": [10.5, 7, 7],
			"rotation": {"angle": 45, "axis": "y", "origin": [10, 6, 7]},
			"faces": {
				"north": {"uv": [0, 0.5, 0.5, 1], "texture": "#all"},
				"south": {"uv": [0, 0.5, 0.5, 1], "texture": "#all"}
			}
		}
	]
}