{
  "variants": {
    "power=0": {
      "model": "minecraft:block/pressure_plates/heavy_weighted_pressure_plate_0"
    },
    "power=1": {
      "model": "minecraft:block/pressure_plates/heavy_weighted_pressure_plate_1"
    },
    "power=2": {
      "model": "minecraft:block/pressure_plates/heavy_weighted_pressure_plate_2"
    },
    "power=3": {
      "model": "minecraft:block/pressure_plates/heavy_weighted_pressure_plate_3"
    },
    "power=4": {
      "model": "minecraft:block/pressure_plates/heavy_weighted_pressure_plate_4"
    },
    "power=5": {
      "model": "minecraft:block/pressure_plates/heavy_weighted_pressure_plate_5"
    },
    "power=6": {
      "model": "minecraft:block/pressure_plates/heavy_weighted_pressure_plate_6"
    },
    "power=7": {
      "model": "minecraft:block/pressure_plates/heavy_weighted_pressure_plate_7"
    },
    "power=8": {
      "model": "minecraft:block/pressure_plates/heavy_weighted_pressure_plate_8"
    },
    "power=9": {
      "model": "minecraft:block/pressure_plates/heavy_weighted_pressure_plate_9"
    },
    "power=10": {
      "model": "minecraft:block/pressure_plates/heavy_weighted_pressure_plate_10"
    },
    "power=11": {
      "model": "minecraft:block/pressure_plates/heavy_weighted_pressure_plate_11"
    },
    "power=12": {
      "model": "minecraft:block/pressure_plates/heavy_weighted_pressure_plate_12"
    },
    "power=13": {
      "model": "minecraft:block/pressure_plates/heavy_weighted_pressure_plate_13"
    },
    "power=14": {
      "model": "minecraft:block/pressure_plates/heavy_weighted_pressure_plate_14"
    },
    "power=15": {
      "model": "minecraft:block/pressure_plates/heavy_weighted_pressure_plate_15"
    }
  }
}