{
	"credit": "Made with Blockbench by Sea_Kerman",
	"parent": "block/block",
	"textures": {
		"top": "block/dispenser_top_arrow_on",
		"front": "block/dispenser_front_vertical_on",
		"back": "block/dispenser_top_indicator_on",
		"particle": "block/dispenser_top"
	},
	"elements": [
		{
			"from": [0, 0, 0],
			"to": [16, 16, 16],
			"faces": {
				"north": {"uv": [0, 0, 16, 16], "texture": "#top", "cullface": "north"},
				"east": {"uv": [0, 0, 16, 16], "texture": "#top", "cullface": "east"},
				"south": {"uv": [0, 0, 16, 16], "texture": "#top", "cullface": "south"},
				"west": {"uv": [0, 0, 16, 16], "texture": "#top", "cullface": "west"},
				"up": {"uv": [16, 0, 0, 16], "texture": "#front", "cullface": "up"},
				"down": {"uv": [16, 16, 0, 0], "texture": "#back", "cullface": "down"}
			}
		}
	]
}