{
    "variants": {
        "": [
            { "model": "block/flowering_azalea_leaves1" },
            { "model": "block/flowering_azalea_leaves1", "y": 90 },
            { "model": "block/flowering_azalea_leaves1", "y": 180 },
            { "model": "block/flowering_azalea_leaves1", "y": 270 },
			{ "model": "block/flowering_azalea_leaves2" },
            { "model": "block/flowering_azalea_leaves2", "y": 90 },
            { "model": "block/flowering_azalea_leaves2", "y": 180 },
            { "model": "block/flowering_azalea_leaves2", "y": 270 }
        ]
    }
}